testphp1@mail.ru,Вася
testphp2@mail.ru,Вася
testphp3@mail.ru,Вася
testphp4@mail.ru,Вася
testphp5@mail.ru,Вася
testphp6@mail.ru,Вася
testphp7@mail.ru,Вася
testphp8@mail.ru,Вася
testphp9@mail.ru,Вася
testphp10@mail.ru,Вася
testphp11@mail.ru,Вася
testphp12@mail.ru,Вася
testphp13@mail.ru,Вася
testphp14@mail.ru,Вася
testphp15@mail.ru,Вася
testphp16@mail.ru,Вася
testphp17@mail.ru,Вася
testphp18@mail.ru,Вася
testphp19@mail.ru,Вася
testphp20@mail.ru,Вася
testphp21@mail.ru,Вася
testphp22@mail.ru,Вася
testphp23@mail.ru,Вася
testphp24@mail.ru,Вася
testphp25@mail.ru,Вася
testphp26@mail.ru,Вася
testphp27@mail.ru,Вася
testphp28@mail.ru,Вася
testphp29@mail.ru,Вася
testphp30@mail.ru,Вася
testphp31@mail.ru,Вася
testphp32@mail.ru,Вася
testphp33@mail.ru,Вася
testphp34@mail.ru,Вася
testphp35@mail.ru,Вася
testphp36@mail.ru,Вася
testphp37@mail.ru,Вася
testphp38@mail.ru,Вася
testphp39@mail.ru,Вася
testphp40@mail.ru,Вася
testphp41@mail.ru,Вася
testphp42@mail.ru,Вася
testphp43@mail.ru,Вася
testphp44@mail.ru,Вася
testphp45@mail.ru,Вася
testphp46@mail.ru,Вася
testphp47@mail.ru,Вася
testphp48@mail.ru,Вася
testphp49@mail.ru,Вася
testphp50@mail.ru,Вася
testphp51@mail.ru,Вася
testphp52@mail.ru,Вася
testphp53@mail.ru,Вася
testphp54@mail.ru,Вася
testphp55@mail.ru,Вася
testphp56@mail.ru,Вася
testphp57@mail.ru,Вася
testphp58@mail.ru,Вася
testphp59@mail.ru,Вася
testphp60@mail.ru,Вася
testphp61@mail.ru,Вася
testphp62@mail.ru,Вася
testphp63@mail.ru,Вася
testphp64@mail.ru,Вася
testphp65@mail.ru,Вася
testphp66@mail.ru,Вася
testphp67@mail.ru,Вася
testphp68@mail.ru,Вася
testphp69@mail.ru,Вася
testphp70@mail.ru,Вася
testphp71@mail.ru,Вася
testphp72@mail.ru,Вася
testphp73@mail.ru,Вася
testphp74@mail.ru,Вася
testphp75@mail.ru,Вася
testphp76@mail.ru,Вася
testphp77@mail.ru,Вася
testphp78@mail.ru,Вася
testphp79@mail.ru,Вася
testphp80@mail.ru,Вася
testphp81@mail.ru,Вася
testphp82@mail.ru,Вася
testphp83@mail.ru,Вася
testphp84@mail.ru,Вася
testphp85@mail.ru,Вася
testphp86@mail.ru,Вася
testphp87@mail.ru,Вася
testphp88@mail.ru,Вася
testphp89@mail.ru,Вася
testphp90@mail.ru,Вася
testphp91@mail.ru,Вася
testphp92@mail.ru,Вася
testphp93@mail.ru,Вася
testphp94@mail.ru,Вася
testphp95@mail.ru,Вася
testphp96@mail.ru,Вася
testphp97@mail.ru,Вася
testphp98@mail.ru,Вася
testphp99@mail.ru,Вася
testphp100@mail.ru,Вася
testphp101@mail.ru,Вася